target,ids,date,flag,user,text
2,1blr4m9,Sat Mar 23 12:35:43  2024,NO_QUERY,Sariel007,Never-before-seen data wiper may have been used by Russia against Ukraine
2,1blvzto,Sat Mar 23 16:16:25  2024,NO_QUERY,thebelsnickle1991,DOJ sues Apple over iPhone monopoly in landmark antitrust case
2,1blot4o,Sat Mar 23 10:12:05  2024,NO_QUERY,Franco1875,AT&T won't say how its customers' data spilled online
2,1bm2yp6,Sat Mar 23 21:06:55  2024,NO_QUERY,wewewawa,A digital lifeline for millions of Americans is in jeopardy. Here’s why | CNN Business
4,1bli7el,Sat Mar 23 03:10:49  2024,NO_QUERY,Maxie445,Tennessee becomes first US state with law protecting musicians from AI
2,1bm1dx3,Sat Mar 23 20:01:41  2024,NO_QUERY,donutloop,Open-source AI models released by Tokyo lab Sakana founded by former Google researchers
0,1blcn9o,Fri Mar 22 22:51:09  2024,NO_QUERY,777fer,Feds Ordered Google To Unmask Certain YouTube Users. Critics Say It’s ‘Terrifying.’
2,1blga7k,Sat Mar 23 01:34:59  2024,NO_QUERY,chrisdh79,"GM stops sharing driver data with brokers amid backlash | Customers, wittingly or not, had their driving data shared with insurers."
2,1bliwfg,Sat Mar 23 03:47:12  2024,NO_QUERY,poclee,Video-Game Executives Lament Lost Creativity at Developer’s Show
4,1bli5su,Sat Mar 23 03:08:25  2024,NO_QUERY,Maxie445,"Swarms of drones are a rising threat to the US homeland, and law enforcement isn't ready"
2,1blr3y6,Sat Mar 23 12:34:44  2024,NO_QUERY,Sariel007,The next generation of drugs could be made in space. Here’s why
0,1blgc1m,Sat Mar 23 01:37:29  2024,NO_QUERY,chrisdh79,"Cable ISP fined $10,000 for lying to FCC about where it offers broadband | Small ISP admitted lying to FCC about size of network to block funding to rivals."
4,1bky8ob,Fri Mar 22 12:38:44  2024,NO_QUERY,Sariel007,World’s first global AI resolution unanimously adopted by United Nations
0,1bl0nui,Fri Mar 22 14:31:47  2024,NO_QUERY,ovirt001,"Senators get ""shocking"" look at TikTok's spy potential"
2,1bl5m5s,Fri Mar 22 17:59:34  2024,NO_QUERY,donutloop,"Elite Russian hackers targeting German politicians, Google warns"
4,1bkzhu0,Fri Mar 22 13:40:20  2024,NO_QUERY,wewewawa,"Security Flaw Can Open Over 3 Million Door Locks, Mainly at Hotels"
2,1bkwj0e,Fri Mar 22 11:00:14  2024,NO_QUERY,chrisdh79,Windows 11 Notepad finally gets spellcheck and autocorrect
2,1bky91j,Fri Mar 22 12:39:17  2024,NO_QUERY,Sariel007,"Apple antitrust suit mirrors strategy that beat Microsoft, but tech industry has changed"
2,1bksmnq,Fri Mar 22 06:22:28  2024,NO_QUERY,Maxie445,Nvidia CEO Jensen says we'll see fully AI-generated games in 5-10 years
2,1bkzove,Fri Mar 22 13:49:23  2024,NO_QUERY,wewewawa,"These EVs Can Now Power Up at 15,000 Tesla Superchargers"
0,1bkz2id,Fri Mar 22 13:20:16  2024,NO_QUERY,chrisdh79,Smartwatches shouldn’t make you choose between Apple and Android | Smartwatches — and soon smart rings — have become ways to lock people into ecosystems. It sucks.
0,1bkrrsz,Fri Mar 22 05:22:59  2024,NO_QUERY,Maxie445,"Nobody Knows How to Safety-Test AI | ""They are, in some sense, these vast alien intelligences.”"
0,1bk8ptj,Thu Mar 21 15:06:42  2024,NO_QUERY,chrisdh79,Amazon and other retailers are being investigated for selling illegal wireless signal jammers | The sale and use of frequency jammers is prohibited
4,1bkn4gw,Fri Mar 22 01:11:43  2024,NO_QUERY,chrisdh79,"Apple CarPlay is anticompetitive, too, US lawsuit alleges | The company’s popular phone-mirroring service allows Apple to exert too much control over the auto industry and stifle competition, prosecutors allege."
2,1bkgjtz,Thu Mar 21 20:28:55  2024,NO_QUERY,N2929,Verizon Rolls Out FCC-Mandated Broadband 'Nutrition Labels'
2,1bkozd4,Fri Mar 22 02:44:22  2024,NO_QUERY,wewewawa,The end of ‘Hackintosh’ – how Apple is sounding the death knell for a once-thriving online community
0,1blihbt,Sat Mar 23 03:25:25  2024,NO_QUERY,Maxie445,Scientists create AI models that can talk to each other and pass on skills with limited human input | The next evolution in AI could lie in agents that can communicate directly and teach each other
2,1bk5ri2,Thu Mar 21 12:50:15  2024,NO_QUERY,chrisdh79,"E-waste production is growing 5x faster than it can be recycled, says UN"
2,1bkgdkl,Thu Mar 21 20:21:38  2024,NO_QUERY,N2929,Google is bringing satellite messaging to Android 15
0,1bk73zv,Thu Mar 21 13:56:02  2024,NO_QUERY,Sariel007,Supercomputing’s Future Is Green and Interconnected
2,1bk4aus,Thu Mar 21 11:26:50  2024,NO_QUERY,Luka77GOATic,"US DOJ to sue Apple for antitrust violations, Bloomberg News reports"
0,1bjokfq,Wed Mar 20 21:12:33  2024,NO_QUERY,N2929,House passes bill to prevent the sale of personal data to foreign adversaries
2,1bjyqci,Thu Mar 21 05:02:08  2024,NO_QUERY,reuters,US warns hackers are carrying out attacks on water systems
2,1bjg3eb,Wed Mar 20 15:24:37  2024,NO_QUERY,GeoWa,"“Disabling cyberattacks” are hitting critical US water systems, White House warns"
0,1bjmxnv,Wed Mar 20 20:05:59  2024,NO_QUERY,nbcnews,The FCC is investigating Amazon over the alleged marketing and sale of outlawed products
4,1bjygps,Thu Mar 21 04:45:48  2024,NO_QUERY,Maxie445,Here’s Proof You Can Train an AI Model Without Slurping Copyrighted Content | OpenAI claimed it’s “impossible” to build good AI models without using copyrighted data. An “ethically created” large language model and a giant AI dataset of public domain text suggest otherwise
2,1bkf8cn,Thu Mar 21 19:34:27  2024,NO_QUERY,Top-Moose3618,AMD's next-gen Zen 5-based EPYC 'Turin' CPU teased: 128 cores Zen 5 or 192 cores Zen 5c
4,1bjkbbv,Wed Mar 20 18:17:53  2024,NO_QUERY,N2929,Google hit with $270M fine in France as authority finds news publishers’ data was used for Gemini | TechCrunch
4,1bjagn5,Wed Mar 20 10:42:55  2024,NO_QUERY,chrisdh79,"US govt's CHIPS Act gives Intel $8.5 billion in funding and a 25% tax credit on $100 billion in investments | The largest CHIPS Act agreement yet, by far."
2,1bk7bhj,Thu Mar 21 14:05:23  2024,NO_QUERY,Sariel007,Google reshapes Fitbit in its image as users allege “planned obsolescence”
2,1bjc9ld,Wed Mar 20 12:29:29  2024,NO_QUERY,reuters,Intel prepares for $100 billion spending spree across four US states
4,1bkadbp,Thu Mar 21 16:16:28  2024,NO_QUERY,YouAreNotMeLiar,Microsoft’s first AI PCs are the Surface Pro 10 and Surface Laptop 6 for businesses
4,1bjkdfo,Wed Mar 20 18:20:20  2024,NO_QUERY,N2929,GitHub's latest AI tool can automatically fix code vulnerabilities | TechCrunch
2,1bj21c1,Wed Mar 20 01:51:06  2024,NO_QUERY,911_reddit,United Arab Emirates is using cloud seeding tech to make it rain
4,1bjehad,Wed Mar 20 14:15:31  2024,NO_QUERY,chrisdh79,"The latest macOS update breaks Java Virtual Machine, among other things | macOS 14.4 changes how the operating system deals with processes on Apple Silicon machines"
2,1bk4pgh,Thu Mar 21 11:51:03  2024,NO_QUERY,_PM_ME_PANGOLINS_,NIST's NVD has encountered a problem
4,1bj3v5d,Wed Mar 20 03:19:44  2024,NO_QUERY,Maxie445,"Silicon Valley wants to deploy AI nursebots to handle your care | Hippocratic’s web page suggests providers could soon simply purchase its nursebots for less than $9/hour to handle such tasks, instead of paying an actual registered nurse $90/hour"
4,1biyn7j,Tue Mar 19 23:19:33  2024,NO_QUERY,N2929,"Gitai's autonomous robot installs panel outside the ISS, showing orbital repairs in action | TechCrunch"
0,1biyrut,Tue Mar 19 23:24:59  2024,NO_QUERY,N2929,Ubisoft let me actually speak with its new AI-powered video game NPCs
4,1bilc0y,Tue Mar 19 14:17:10  2024,NO_QUERY,trevor25,Tech giant Nvidia unveils higher performing ‘superchips’ to power AI
4,1biywdd,Tue Mar 19 23:30:18  2024,NO_QUERY,N2929,Microsoft hires Inflection founders to run new consumer AI division | TechCrunch
0,1bj5lud,Wed Mar 20 04:58:03  2024,NO_QUERY,Maxie445,Chinese and western scientists identify ‘red lines’ on AI risks | Top experts warn existential threat from AI requires collaboration akin to cold war efforts to avoid nuclear war
2,1biyopa,Tue Mar 19 23:21:14  2024,NO_QUERY,N2929,Pokemon resets some users passwords after hacking attempts | TechCrunch
2,1bijbgh,Tue Mar 19 12:43:01  2024,NO_QUERY,Sariel007,The AI Act is done. Here’s what will (and won’t) change
2,1bisncl,Tue Mar 19 19:19:05  2024,NO_QUERY,reuters,SpaceX to sell satellite laser links that speed in-space communication to rivals
2,1biyo2c,Tue Mar 19 23:20:32  2024,NO_QUERY,N2929,Nvidia and Qualcomm join Open Source Robotics Alliance to support ROS development | TechCrunch
2,1bihn1c,Tue Mar 19 11:07:30  2024,NO_QUERY,chrisdh79,"Nvidia Announces GR00T, a Foundation Model For Humanoids | The company also announces long-term support for the Robot Operating System"
2,1bi58nz,Mon Mar 18 23:18:13  2024,NO_QUERY,N2929,Rivian starts offering adapters to access Tesla's Supercharger network | TechCrunch
4,1bi1pyc,Mon Mar 18 20:57:24  2024,NO_QUERY,nbcnews,YouTube says it will require creators to label 'realistic' AI content
0,1bi3eb8,Mon Mar 18 22:02:47  2024,NO_QUERY,chrisdh79,Dell tells remote workers that they won’t be eligible for promotion | Report highlights big turnaround from Dell's previous pro-WFH stance.
2,1biblk3,Tue Mar 19 04:16:02  2024,NO_QUERY,Maxie445,GPT-4 developer tool can hack websites without human help
4,1bi5bks,Mon Mar 18 23:21:40  2024,NO_QUERY,N2929,"Nvidia reveals Blackwell B200 GPU, the “world’s most powerful chip” for AI"
2,1bi5aor,Mon Mar 18 23:20:38  2024,NO_QUERY,N2929,"Tech giant Fujitsu says it was hacked, warns of data breach | TechCrunch"
4,1bhqyx6,Mon Mar 18 13:39:56  2024,NO_QUERY,Sariel007,"Speaking without vocal cords, thanks to a new AI-assisted wearable device"
4,1bhs2qx,Mon Mar 18 14:28:45  2024,NO_QUERY,chrisdh79,"LockBit ransomware group member sentenced to four years for infecting over 1,000 systems | He must also pay a $635,000 fine"
2,1bj9in5,Wed Mar 20 09:38:49  2024,NO_QUERY,Maxie445,Did Ilya see AGI? Sam Altman denies his chief scientist saw super-AI
2,1bi57dp,Mon Mar 18 23:16:43  2024,NO_QUERY,N2929,Nvidia launches a set of microservices for optimized inferencing | TechCrunch
4,1bi59bk,Mon Mar 18 23:19:00  2024,NO_QUERY,N2929,Roblox's new AI features reduce the time it takes to create avatars and 3D models | TechCrunch
2,1bhkrm6,Mon Mar 18 07:11:44  2024,NO_QUERY,iamdabs,Apple Is in Talks to Let Google’s Gemini Power iPhone Generative AI Features
2,1bhozd4,Mon Mar 18 12:00:02  2024,NO_QUERY,TheTelegraph,Apple in talks to put Google chatbot on every iPhone
2,1bh61ho,Sun Mar 17 19:22:40  2024,NO_QUERY,wewewawa,Cybertruck Engineer Begs Owners To Stop Shooting And Abusing Their Trucks
4,1bhpmi8,Mon Mar 18 12:33:38  2024,NO_QUERY,chrisdh79,Want to see an NHS doctor? Prepare to cough up your data first | UK patients required to give private companies access to personal information
0,1bh5w8f,Sun Mar 17 19:16:55  2024,NO_QUERY,wewewawa,Fisker Scrambling After Popular YouTuber Called The Ocean The 'Worst Car I've Ever Reviewed'
0,1bh51lu,Sun Mar 17 18:43:28  2024,NO_QUERY,MichaelTen,"Korean researchers power-shame Nvidia with new neural AI chip — claim 625 times less power draw, 41 times smaller"
4,1bgtfr3,Sun Mar 17 09:18:30  2024,NO_QUERY,Elliottafc1,'Drinking bird' toys upgraded to generate clean energy from water
4,1bi57xx,Mon Mar 18 23:17:21  2024,NO_QUERY,N2929,"Nvidia enlists humanoid robotics’ biggest names for new AI platform, GR00T | TechCrunch"
2,1bhbl0w,Sun Mar 17 23:03:41  2024,NO_QUERY,N2929,LinkedIn plans to add gaming to its platform | TechCrunch
4,1bhp3gl,Mon Mar 18 12:05:39  2024,NO_QUERY,Rainnis,Banish OEM self-signed certs forever and roll your own private LetsEncrypt
2,1bgnsab,Sun Mar 17 03:18:04  2024,NO_QUERY,Maxie445,Armies of humanoid robots to be for sale soon
4,1bgtp6i,Sun Mar 17 09:37:05  2024,NO_QUERY,Avieshek,ASML delivers cutting-edge new chipmaking tool — third-generation EUV enables 2nm processors and beyond
0,1bi59ru,Mon Mar 18 23:19:34  2024,NO_QUERY,N2929,MrBeast and Prime Video announce 'largest game show in history' | TechCrunch
2,1bg422v,Sat Mar 16 11:34:30  2024,NO_QUERY,EchoInTheHoller,Laid-off techies face 'sense of impending doom' with job cuts at highest since dot-com crash
2,1bg8x2o,Sat Mar 16 15:42:16  2024,NO_QUERY,N2929,"Sony’s PS5 Pro is up to three times faster, may arrive holiday 2024"
2,1bgqvcp,Sun Mar 17 06:16:47  2024,NO_QUERY,N2929,Google Phone app removes Nearby places search
2,1bhblyn,Sun Mar 17 23:04:52  2024,NO_QUERY,N2929,Aaron Levie leads Box into its third era focused on workflow automation and AI | TechCrunch
0,1bfx0vg,Sat Mar 16 03:43:33  2024,NO_QUERY,Maxie445,"Drones are watching 'at all times' and show just how 'scary' future wars will be, says a US Army officer focused on defeating them"
4,1bg512e,Sat Mar 16 12:31:59  2024,NO_QUERY,Sariel007,ASCII art elicits harmful responses from 5 major AI chatbots
2,1bfx55r,Sat Mar 16 03:49:55  2024,NO_QUERY,Maxie445,Mercedes Hires Humanoid Robots to Work at Its Factories
0,1bfam1z,Fri Mar 15 10:17:22  2024,NO_QUERY,chrisdh79,The FCC just quadrupled the download speed required to market internet as ‘broadband’ | ISPs now have to offer 100 Mbps down and 20 Mbps up to slap the coveted label on their services.
0,1bfenta,Fri Mar 15 14:02:14  2024,NO_QUERY,Sariel007,Pornhub says adios to Texas. Its parent company has also blocked access to all its other adult entertainment websites.
4,1bfg1e8,Fri Mar 15 15:03:03  2024,NO_QUERY,wewewawa,What happened when the world’s most populous nation turned off TikTok
2,1bfkiat,Fri Mar 15 18:14:27  2024,NO_QUERY,N2929,Arizona's largest battery will help feed your Google habit
0,1beueay,Thu Mar 14 19:57:53  2024,NO_QUERY,wewewawa,Tesla's Gear-Shifting Problems Known Long Before Angela Chao's Death
2,1bfkcur,Fri Mar 15 18:07:55  2024,NO_QUERY,N2929,Apple acquires AI startup specializing in overlooking manufacturing components | TechCrunch
0,1bfaapo,Fri Mar 15 09:56:37  2024,NO_QUERY,zsreport,"McDonald’s stores in Australia, Asia and Europe hit by major IT failure"
0,1bf5z0o,Fri Mar 15 04:51:01  2024,NO_QUERY,Maxie445,"Europe asks Google, Facebook, TikTok and other platforms how they're reducing generative AI risks"
2,1bev6zp,Thu Mar 14 20:30:36  2024,NO_QUERY,Sariel007,FCC Denies Starlink Low-Orbit Bid for Lower Latency. Agency says SpaceX craft could curb International Space Station operations.
2,1beidyp,Thu Mar 14 10:50:26  2024,NO_QUERY,Visdom04,US House Passes Bill That Would Force TikTok Sale or Ban It
2,1bewfst,Thu Mar 14 21:22:06  2024,NO_QUERY,N2929,TikTok fined in Italy after 'French scar' challenge led to consumer safety probe
2,1bekr0t,Thu Mar 14 13:07:37  2024,NO_QUERY,Sariel007,Hackers can read private AI assistant chats even though they’re encrypted
2,1bewdav,Thu Mar 14 21:19:16  2024,NO_QUERY,N2929,"After AWS and Google, Microsoft says it's removing Azure 'egress' data transfer fees -- but with caveats"
4,1bfkh63,Fri Mar 15 18:13:05  2024,NO_QUERY,N2929,"Apple Sports app receives first update with MLB support, NCAA March Madness data, more"
4,1bfkgtl,Fri Mar 15 18:12:39  2024,NO_QUERY,N2929,Samsung Galaxy S24+ is a hit as the whole series is outselling Galaxy S23
2,1bebc9d,Thu Mar 14 03:17:05  2024,NO_QUERY,Maxie445,EU votes to ban riskiest forms of AI and impose restrictions on others
2,1bf5vfs,Fri Mar 15 04:44:55  2024,NO_QUERY,Maxie445,"AI expert says Princess Kate photo scandal shows our ""sense of shared reality"" being eroded"
2,1bfkfby,Fri Mar 15 18:10:55  2024,NO_QUERY,N2929,You can access Google Gemini website at 'ai.com'
2,1bf0jud,Fri Mar 15 00:17:50  2024,NO_QUERY,Moses_Horwitz,CEO of Data Privacy Company Onerep.com Founded Dozens of People-Search Firms
4,1bfkdsv,Fri Mar 15 18:09:05  2024,NO_QUERY,N2929,"TipTop, the new app from Postmates' founder and CEO, now lets you buy devices with trade-ins and cash | TechCrunch"
2,1bewhxq,Thu Mar 14 21:24:28  2024,NO_QUERY,N2929,Google is changing how Chrome detects and warns you about unsafe sites
4,1bdttqq,Wed Mar 13 15:09:42  2024,NO_QUERY,chrisdh79,"Bill that could ban TikTok passes in House despite constitutional concerns | US much closer to banning TikTok, despite users' protests."
2,1be10ej,Wed Mar 13 19:54:26  2024,NO_QUERY,chrisdh79,"Google awarded $10 million in bug bounties last year, the second highest in the program's history"
0,1beeexj,Thu Mar 14 06:08:50  2024,NO_QUERY,Moses_Horwitz,"GPT-4 can play Doom, badly — doesn't hesitate to shoot humans and demons"
2,1bdv4bt,Wed Mar 13 16:02:34  2024,NO_QUERY,Sariel007,"Roku data breach compromises 15,363 accounts. Here's what to know"
4,1bdsc56,Wed Mar 13 14:07:36  2024,NO_QUERY,EchoInTheHoller,"FTC can reopen Meta privacy case despite $5 billion fine, court rules"
2,1bdnd2s,Wed Mar 13 09:38:23  2024,NO_QUERY,clonefitreal,Mathematicians use AI to identify emerging COVID-19 variants
2,1be4bf5,Wed Mar 13 22:05:10  2024,NO_QUERY,N2929,Waymo to launch commercial robotaxi service in Austin by end of the year
2,1be4eov,Wed Mar 13 22:08:46  2024,NO_QUERY,N2929,Reflex Robotics’ wheeled humanoid is here to grab you a snack
4,1be4bso,Wed Mar 13 22:05:35  2024,NO_QUERY,wewewawa,Delete a background? Easy. Smooth out a face? Seamless. Digital photo manipulation is now mainstream
0,1bdoeyh,Wed Mar 13 10:44:39  2024,NO_QUERY,chrisdh79,"Vehicle safety group tests 14 partial automated driving systems, none earn a 'good' rating | Guess which company was rated the worst?"
2,1be4bt0,Wed Mar 13 22:05:36  2024,NO_QUERY,N2929,Zendesk adds flexible AI agent capabilities with Ultimate acquisition
2,1bd010e,Tue Mar 12 15:30:03  2024,NO_QUERY,chrisdh79,"Some states are now trying to ban lab-grown meat | Spurious ""war on ranching"" cited as reason for legislation."
2,1bdxi8m,Wed Mar 13 17:37:28  2024,NO_QUERY,hawlc,Spotify now has music videos
4,1bdhmpr,Wed Mar 13 03:36:42  2024,NO_QUERY,Maxie445,"This Software Engineer AI Can Train Other AIs, Code Websites by Itself | Devin AI can code autonomously and complete software engineering tasks on sites like Upwork"
4,1bdnnkk,Wed Mar 13 09:57:00  2024,NO_QUERY,chrisdh79,Windows 10 Enterprise and Education editions will soon enter end of life status | Organizations will be pushed to upgrade to the latest Windows 10 release or to Windows 11
4,1bed6dv,Thu Mar 14 04:52:32  2024,NO_QUERY,Maxie445,Employees at Top AI Labs Fear Safety Is an Afterthought
2,1bed5bb,Thu Mar 14 04:50:50  2024,NO_QUERY,Maxie445,"U.S. Must Move ‘Decisively’ to Avert ‘Extinction-Level’ Threat From AI, Government-Commissioned Report Says"
4,1bec383,Thu Mar 14 03:54:25  2024,NO_QUERY,Maxie445,SXSW Audiences Loudly Boo Festival Videos Touting the Virtues of AI
4,1beb4vk,Thu Mar 14 03:06:54  2024,NO_QUERY,Maxie445,DeepMind’s new agent can learn complex games. That’s a big step toward AI that can navigate the real world
2,1bdddwu,Wed Mar 13 00:21:38  2024,NO_QUERY,N2929,"Bear Robotics, a robot waiter startup, just picked up $60M from LG"
4,1bddbah,Wed Mar 13 00:18:35  2024,NO_QUERY,N2929,DoorDash’s new AI-powered ‘SafeChat+’ tool automatically detects verbal abuse
2,1bcxcl1,Tue Mar 12 13:33:05  2024,NO_QUERY,wewewawa,Google’s self-designed office swallows Wi-Fi “like the Bermuda Triangle”
2,1bcugvn,Tue Mar 12 10:59:18  2024,NO_QUERY,chrisdh79,"Connected vehicles are sharing driving habits with insurers, unbeknownst to owners"
2,1bcenpo,Mon Mar 11 21:17:13  2024,NO_QUERY,N2929,Airbnb is banning indoor security cameras inside its listings
2,1bddfy0,Wed Mar 13 00:24:02  2024,NO_QUERY,N2929,Moonbird's relaxation device takes flight internationally
4,1bcwx25,Tue Mar 12 13:12:20  2024,NO_QUERY,chrisdh79,"LG Display's $1 billion investment boosts OLED production, signals bright future for affordable tech | Get ready for an OLED price drop"
4,1bcxqrq,Tue Mar 12 13:51:38  2024,NO_QUERY,Sariel007,LLMs become more covertly racist with human intervention
0,1bcgyjo,Mon Mar 11 22:46:52  2024,NO_QUERY,marketrent,Boeing whistleblower found dead in US
2,1bcv1f9,Tue Mar 12 11:33:05  2024,NO_QUERY,chrisdh79,Never-before-seen Linux malware gets installed using 1-day exploits
0,1bd52g0,Tue Mar 12 18:47:57  2024,NO_QUERY,Franco1875,"Slow progress tackling UK 'e-waste tsunami', say MPs"
2,1bcuwrs,Tue Mar 12 11:25:27  2024,NO_QUERY,buncley,Now it's NVIDIA being sued over AI copyright infringement
2,1bd0eep,Tue Mar 12 15:45:15  2024,NO_QUERY,TheTelegraph,LCF fraud victims demand £20m from Google
2,1bc2twl,Mon Mar 11 13:11:14  2024,NO_QUERY,thebelsnickle1991,Florida middle-schoolers charged with making deepfake nudes of classmates
2,1bcoeel,Tue Mar 12 04:24:10  2024,NO_QUERY,N2929,Tim Cook makes surprise appearance during Porsche event to talk Vision Pro
2,1bcm4xm,Tue Mar 12 02:32:05  2024,NO_QUERY,ardi62,Microsoft's sneaky KB5001716 Windows 10 update pushes Windows 11
2,1bdda2v,Wed Mar 13 00:17:04  2024,NO_QUERY,N2929,"Uber CEO outlines plans for increasing driver EV access, reducing emissions at SXSW"
4,1bc2rmo,Mon Mar 11 13:08:07  2024,NO_QUERY,Sariel007,Shields up: New ideas might make active shielding viable. Active shielding was first proposed in the '60s. We’re finally close to making it work.
2,1bcoixz,Tue Mar 12 04:30:42  2024,NO_QUERY,N2929,Google Wallet can now show movie tickets and boarding passes from Gmail
2,1bcof0x,Tue Mar 12 04:25:04  2024,NO_QUERY,N2929,Apple ramps up work on ad-supported Apple TV+ plan
2,1bcr5b5,Tue Mar 12 07:13:23  2024,NO_QUERY,Maxie445,Google Is Getting Thousands of Deepfake Porn Complaints
4,1bbq8x3,Mon Mar 11 00:47:41  2024,NO_QUERY,N2929,Rivian's new 'treehouse' rooftop tent comes with a movie projector
0,1bceq7h,Mon Mar 11 21:19:54  2024,NO_QUERY,N2929,"Alphabet spin-off SIP launches Verrus, a data center concept built around battery 'microgrids'"
2,1bcofq2,Tue Mar 12 04:26:00  2024,NO_QUERY,N2929,Pixel 8 series adds display output support with Android QPR3 beta
2,1bbirzc,Sun Mar 10 19:32:52  2024,NO_QUERY,wewewawa,Photographer steps inside Vietnam’s shadowy ‘click farms’
2,1bcoi3c,Tue Mar 12 04:29:31  2024,NO_QUERY,N2929,Samsung Galaxy A55 and Galaxy A35 launch with four years of Android updates
4,1bbj6km,Sun Mar 10 19:49:18  2024,NO_QUERY,wewewawa,"Sam Altman returns to OpenAI’s board of directors, fully reversing the ChatGPT company’s wild shakeup"
4,1bbds2e,Sun Mar 10 16:04:20  2024,NO_QUERY,Sariel007,"New ‘healable’ material could lead to a battery revolution, creators say. Research could finally allow scientists to create solid-state batteries out of lithium and sulphur."
4,1bcr7tf,Tue Mar 12 07:18:06  2024,NO_QUERY,Maxie445,A.I. Is Learning What It Means to Be Alive
4,1bcemsf,Mon Mar 11 21:16:11  2024,NO_QUERY,N2929,"Ready Player One creator debuts 'Open,' a metaverse battle royale experience"
2,1baulgu,Sat Mar 09 22:48:54  2024,NO_QUERY,lotusflower64,Now the EU is asking questions about Meta's 'pay or be tracked' consent model | TechCrunch
2,1bb2796,Sun Mar 10 05:05:47  2024,NO_QUERY,Maxie445,50 Global Experts Warn: We Must Stop Technology-Driven AI
4,1barceo,Sat Mar 09 20:29:23  2024,NO_QUERY,Sariel007,"Matrix multiplication breakthrough could lead to faster, more efficient AI models. At the heart of AI, matrix math has just seen its biggest boost ""in more than a decade.”"
2,1bc5ez9,Mon Mar 11 15:09:17  2024,NO_QUERY,wewewawa,"Unplug Your Laptop Now, or It Will Stay Plugged in Forever"
0,1bafxp9,Sat Mar 09 11:46:14  2024,NO_QUERY,chrisdh79,Russian state-sponsored hackers compromised Microsoft source code repositories | The previously disclosed attack is worse than initially thought - and it's ongoing
4,1ba8b9g,Sat Mar 09 03:50:37  2024,NO_QUERY,Maxie445,Dozens of Top Scientists Sign Effort to Prevent A.I. Bioweapons
0,1ba9lmm,Sat Mar 09 05:00:35  2024,NO_QUERY,Maxie445,AI chatbot models ‘think’ in English even when using other languages
2,1b9qfz7,Fri Mar 08 15:17:04  2024,NO_QUERY,SportsGod3,"Russian spies keep hacking into Microsoft in 'ongoing attack,' company says"
2,1b9qmki,Fri Mar 08 15:24:23  2024,NO_QUERY,Sariel007,AI likely to increase energy use and accelerate climate misinformation
4,1b9qx22,Fri Mar 08 15:36:13  2024,NO_QUERY,Franco1875,Palantir wins US Army contract for battlefield AI
2,1b9p12y,Fri Mar 08 14:18:42  2024,NO_QUERY,Sariel007,Attack wrangles thousands of web users into a password-cracking botnet
0,1bbbgqo,Sun Mar 10 14:21:57  2024,NO_QUERY,Sariel007,A plan to bring down drug prices could threaten America’s technology boom
2,1b961jy,Thu Mar 07 21:31:50  2024,NO_QUERY,reuters,TikTok crackdown bill unanimously approved by US House panel
2,1b9qoww,Fri Mar 08 15:27:04  2024,NO_QUERY,Franco1875,"Switzerland: Play ransomware leaked 65,000 government documents"
4,1b9bki8,Fri Mar 08 01:40:42  2024,NO_QUERY,chrisdh79,"TikTok is encouraging its users to call their representatives about attempts to ban the app | ""We're getting a lot of calls from high schoolers asking what a Congressman is."""
2,1b9gw9x,Fri Mar 08 06:02:22  2024,NO_QUERY,Maxie445,Microsoft engineer sounds alarm on AI image-generator to US officials and company's board
0,1b8tlbi,Thu Mar 07 12:35:42  2024,NO_QUERY,chrisdh79,Former Google engineer indicted for allegedly stealing AI secrets while secretly running a startup in China | He must have had a busy schedule
2,1b969bo,Thu Mar 07 21:40:04  2024,NO_QUERY,YourHub4Tech,Hugging Face soon to launch open source robotics project
2,1b8nvuz,Thu Mar 07 06:42:48  2024,NO_QUERY,Maxie445,Emotion-tracking AI on the job: Workers fear being watched – and misunderstood
2,1b9phas,Fri Mar 08 14:37:55  2024,NO_QUERY,Franco1875,"BA sets out plan to revamp IT, add AI and update website"
4,1b84vtc,Wed Mar 06 17:01:49  2024,NO_QUERY,N2929,"Target to launch its own version of Amazon Prime, starting at $49/year"
2,1b8lo9t,Thu Mar 07 04:42:19  2024,NO_QUERY,Maxie445,"Anthropic’s Claude 3 causes stir by seeming to realize when it was being tested | The model seemingly demonstrated a type of ""metacognition"" or self-awareness during an evaluation"
0,1b7xlwu,Wed Mar 06 11:39:53  2024,NO_QUERY,chrisdh79,Russian authorities used facial recognition tech to identify and arrest Navalny funeral attendees | Cameras were installed days before the ceremony
2,1b8vu2g,Thu Mar 07 14:21:35  2024,NO_QUERY,Sariel007,"Max confirms 2024 password crackdown, explores adding transactional ads"
2,1b8clpq,Wed Mar 06 22:00:53  2024,NO_QUERY,N2929,Google Pixel sales increased by 527% in Japan in 2023
2,1b852st,Wed Mar 06 17:09:08  2024,NO_QUERY,_Shatpoz,Oregon is about to sign — or veto — the strongest right-to-repair law yet
4,1b84xy7,Wed Mar 06 17:03:59  2024,NO_QUERY,N2929,Political deepfakes are spreading like wildfire thanks to GenAI
4,1b82sn5,Wed Mar 06 15:40:30  2024,NO_QUERY,chrisdh79,Roku disables TVs and streaming devices until users consent to new terms
0,1b8z0l6,Thu Mar 07 16:37:22  2024,NO_QUERY,darth-canid,"Google finally cracking down on AI-generated spam links, 40% OFF"
4,1b8c9lm,Wed Mar 06 21:47:18  2024,NO_QUERY,CaptainDevops,Apple terminates Epic Games developer account calling it a 'threat' to the iOS ecosystem
4,1b7pl7e,Wed Mar 06 03:33:36  2024,NO_QUERY,Maxie445,Trust in AI companies drops to 35 percent in new study
2,1b84wcw,Wed Mar 06 17:02:20  2024,NO_QUERY,N2929,Waymo launches driverless rides for employees in Austin
2,1b87x8u,Wed Mar 06 18:57:05  2024,NO_QUERY,CrankyBear,Canonical turns 20: Shaping the Ubuntu Linux world
4,1b76zcs,Tue Mar 05 14:49:41  2024,NO_QUERY,chrisdh79,Automakers must bring back physical controls if they want the top safety rating in Europe | Tesla will likely be affected more than most
2,1b7nhw7,Wed Mar 06 01:56:05  2024,NO_QUERY,chrisdh79,"Max confirms 2024 password crackdown, explores adding transactional ads"
4,1b7x1yn,Wed Mar 06 11:05:51  2024,NO_QUERY,mrcanard,The EU’s new competition rules are going live — here’s how tech giants are responding
0,1b84yek,Wed Mar 06 17:04:26  2024,NO_QUERY,N2929,Amazon teams with recycling robot firm to track package waste
2,1b7h0ix,Tue Mar 05 21:22:37  2024,NO_QUERY,reuters,Lawmakers seek to force ByteDance to divest TikTok or face US ban
0,1b75dkp,Tue Mar 05 13:37:40  2024,NO_QUERY,Sariel007,Hackers Behind the Change Healthcare Ransomware Attack Just Received a $22 Million Payment
2,1b7z4ri,Wed Mar 06 13:01:53  2024,NO_QUERY,Franco1875,Boffins propose fiber-optic network for the Moon
4,1b84wzf,Wed Mar 06 17:02:57  2024,NO_QUERY,N2929,"Amazon's new Rufus chatbot isn't bad -- but it isn't great, either"
2,1b7aytv,Tue Mar 05 17:26:29  2024,NO_QUERY,N2929,"YouTube is experiencing outages, too, site confirms"
0,1b82mmp,Wed Mar 06 15:33:40  2024,NO_QUERY,chrisdh79,EU users can't update 3rd party iOS apps if abroad too long | Remember how Apple told you security was of paramount concern?
2,1b7q1h7,Wed Mar 06 03:56:18  2024,NO_QUERY,Maxie445,JPMorgan Says Its AI Cashflow Tool Cut Human Work Almost 90%
4,1b7b03u,Tue Mar 05 17:28:00  2024,NO_QUERY,N2929,AWS follows Google in announcing unrestricted free data transfers to other cloud providers
4,1b79135,Tue Mar 05 16:11:22  2024,NO_QUERY,chrisdh79,"Facebook, Instagram, and Threads Are Down in a Major Outage | More than 600,000 Facebook and Instagram users have been affected so far."
4,1b748sw,Tue Mar 05 12:40:07  2024,NO_QUERY,chrisdh79,Nissan drops app support for the original Leaf – are EVs now as disposable as iPhones? | Will Software Defined Vehicles join a long list of 'throwaway' tech?
4,1b7b3w2,Tue Mar 05 17:32:19  2024,NO_QUERY,N2929,How caregivers are using smart tech to help aging parents
2,1b6wmpe,Tue Mar 05 04:40:59  2024,NO_QUERY,Maxie445,"The AI wars heat up with Claude 3, claimed to have “near-human” abilities"
2,1b6zw3q,Tue Mar 05 07:53:35  2024,NO_QUERY,Maxie445,"India reverses AI stance, requires government approval for model launches | India's Deputy IT Minister says AI advisory, which requires firms to comply with 'immediate effect,' is 'signalling that this is the future of regulation'"
4,1b6k9po,Mon Mar 04 19:49:29  2024,NO_QUERY,Sariel007,Spotify wins as EU orders Apple to pay $2B and change App Store rules
4,1b84zzs,Wed Mar 06 17:06:05  2024,NO_QUERY,N2929,Should you update to iOS 17.4? Here's what's new
4,1b6anjn,Mon Mar 04 13:16:43  2024,NO_QUERY,Elliottafc1,Apple hit with more than $1.95 billion EU antitrust fine over music streaming
4,1b6l0au,Mon Mar 04 20:19:15  2024,NO_QUERY,Franco1875,Anthropic claims its new AI chatbot models beat OpenAI's GPT-4
2,1b6nk63,Mon Mar 04 22:01:25  2024,NO_QUERY,wewewawa,"Millions Of Google, WhatsApp, Facebook 2FA Security Codes Leak Online"
4,1b6bdb7,Mon Mar 04 13:51:31  2024,NO_QUERY,Sariel007,"Certain doorbell cameras allow outsiders complete access, report says"
0,1b6gey7,Mon Mar 04 17:16:31  2024,NO_QUERY,N2929,Another streaming service will soon crack down on password sharing
2,1b6gfov,Mon Mar 04 17:17:17  2024,NO_QUERY,N2929,Apple now selling Belkin MagSafe iPhone mount for video calling on Apple TV 4K
2,1b6gdku,Mon Mar 04 17:15:10  2024,NO_QUERY,N2929,Punkt rocks its minimalist roots with 'privacy-first' MC02 smartphone
4,1b6b8pw,Mon Mar 04 13:45:34  2024,NO_QUERY,Sariel007,Large language models can do jaw-dropping things. But nobody knows exactly why.
4,1b6l3bk,Mon Mar 04 20:22:23  2024,NO_QUERY,Sariel007,"Faster, More Secure Photonic Chip Boosts AI Training. Optical computing can perform matrix computations at the speed of light."
2,1b6nlon,Mon Mar 04 22:03:02  2024,NO_QUERY,reuters,Apple launches MacBook Air laptops with faster M3 chips
2,1b6j2va,Mon Mar 04 19:01:25  2024,NO_QUERY,DecafWriter,Nintendo Switch emulator Yuzu will utterly fold and pay $2.4M to settle its lawsuit
2,1b6l992,Mon Mar 04 20:29:01  2024,NO_QUERY,N2929,"Samsung Galaxy F15 carries a 6,000mAh battery, launches in India"
4,1b5gw6s,Sun Mar 03 13:13:51  2024,NO_QUERY,chrisdh79,Apple hit with class action lawsuit over iCloud's 5GB limit
4,1b5p08w,Sun Mar 03 19:05:36  2024,NO_QUERY,N2929,Eufy’s new 360-degree 4K camera doesn’t need Wi-Fi or power outlets
2,1b5lnzq,Sun Mar 03 16:48:51  2024,NO_QUERY,Sariel007,Dictators Used Sandvine Tech to Censor the Internet. The US Finally Did Something About It
2,1b5y1v2,Mon Mar 04 01:19:06  2024,NO_QUERY,N2929,'Satellite SOS' starts appearing on Google Pixel phones – here's what it will do
4,1b6ga2h,Mon Mar 04 17:11:23  2024,NO_QUERY,N2929,Apple announces new 13-inch and 15-inch MacBook Air models with M3 chip
4,1b5gdg1,Sun Mar 03 12:46:17  2024,NO_QUERY,Sariel007,US prescription market hamstrung for 9 days (so far) by ransomware attack
4,1b6ltac,Mon Mar 04 20:51:15  2024,NO_QUERY,N2929,Samsung launches Galaxy S24 Ultra to the stratosphere for stunning pictures of Earth
0,1b6gcm3,Mon Mar 04 17:14:08  2024,NO_QUERY,N2929,Airbnb has a new label to denote its top (and worst) listings
2,1b5y09x,Mon Mar 04 01:16:59  2024,NO_QUERY,N2929,SK Hynix Mulls 'Differentiated' HBM Memory Amid AI Frenzy
2,1b4rwwy,Sat Mar 02 16:17:05  2024,NO_QUERY,N2929,Meta says it’s deleting all Oculus accounts at the end of the month
2,1b4wyr6,Sat Mar 02 19:50:12  2024,NO_QUERY,Franco1875,Nvidia CEO says AI could pass human tests in five years
4,1b5y16w,Mon Mar 04 01:18:14  2024,NO_QUERY,N2929,"Google One preps referral program: 75% off first 3 months, Play Store credit"
2,1b57dd5,Sun Mar 03 03:39:22  2024,NO_QUERY,Maxie445,Here Come the AI Worms | Security researchers created an AI worm in a test environment that can automatically spread between generative AI agents
2,1b4tk8p,Sat Mar 02 17:27:19  2024,NO_QUERY,chrisdh79,"Windows 11 now supports USB4 at 80Gbps, also known as USB 4 2.0"
2,1b4y6wa,Sat Mar 02 20:42:54  2024,NO_QUERY,Top-Moose3618,"1,000 atomic qubits and rising"
2,1b4ia4n,Sat Mar 02 07:10:33  2024,NO_QUERY,Maxie445,"OpenAI's Sam Altman says AI is a tool, not a 'creature'"
2,1b4jwi3,Sat Mar 02 08:56:08  2024,NO_QUERY,MichaelTen,MIT just released directions for commercializing perovskite solar cells 
2,1b4rxax,Sat Mar 02 16:17:35  2024,NO_QUERY,N2929,Google is blocking RCS on rooted Android devices
0,1b43sv5,Fri Mar 01 19:58:10  2024,NO_QUERY,wewewawa,Toyota says it would rather buy credits than ‘waste’ money on EVs
0,1b48qbl,Fri Mar 01 23:12:56  2024,NO_QUERY,N2929,Facebook plans to shut down its news tab in the US and Australia
2,1b48ozw,Fri Mar 01 23:11:29  2024,NO_QUERY,N2929,NSA says it's tracking Ivanti cyberattacks as hackers hit US defense sector
4,1b3ujzq,Fri Mar 01 13:42:57  2024,NO_QUERY,FrankAli87,The FBI Is Using Push Notifications to Catch Sexual Predators
2,1b48n28,Fri Mar 01 23:09:24  2024,NO_QUERY,N2929,"MyHeritage debuts OldNews.com, offering access to millions of historical newspaper pages"
0,1b3s7g5,Fri Mar 01 11:36:56  2024,NO_QUERY,chrisdh79,"HP wants you to pay up to $36/month to rent a printer that it monitors | ""Never own a printer again."""
2,1b3jyw8,Fri Mar 01 03:15:03  2024,NO_QUERY,Maxie445,AI-generated articles prompt Wikipedia to downgrade CNET’s reliability rating
2,1b3bqic,Thu Feb 29 21:20:50  2024,NO_QUERY,N2929,A government watchdog hacked a US federal agency to stress-test its cloud security
4,1b48pl8,Fri Mar 01 23:12:10  2024,NO_QUERY,N2929,Spotify launches a $9.99/mo standalone audiobooks service for its free users
2,1b3sa5t,Fri Mar 01 11:41:26  2024,NO_QUERY,chrisdh79,"HDMI Forum to AMD: No, you can’t make an open source HDMI 2.1 driver | Linux users can't hit the same resolutions and speeds as Windows—or DisplayPort."
2,1b3i656,Fri Mar 01 01:50:04  2024,NO_QUERY,N2929,A leaky database spilled 2FA codes for the world's tech giants
4,1b393n6,Thu Feb 29 19:35:34  2024,NO_QUERY,wewewawa,Apple Spent More Than $10 Billion on Apple Car Before Canceling Project
2,1b3i8nq,Fri Mar 01 01:53:14  2024,NO_QUERY,N2929,Ford's adventure with Tesla superchargers officially begins
4,1b3kqyq,Fri Mar 01 03:53:46  2024,NO_QUERY,Maxie445,OpenAI hit with new lawsuits from news outlets over AI training
4,1b32raz,Thu Feb 29 15:17:56  2024,NO_QUERY,chrisdh79,"TSMC founder foresees the need for up to ten new fabs for AI chip manufacturing | The AI boom will spur unprecedented demand, says Morris Chang"
2,1b3knpc,Fri Mar 01 03:49:15  2024,NO_QUERY,YouAreNotMeLiar,"Microsoft is working with Nvidia, AMD, and Intel to improve upscaling support in PC games"
4,1b2yd1q,Thu Feb 29 11:41:38  2024,NO_QUERY,chrisdh79,"$30 doorbell cameras have multiple serious security flaws, says Consumer Reports | Models still widely available on e-commerce sites after issues reported."
0,1b2nzsq,Thu Feb 29 01:37:51  2024,NO_QUERY,Maxie445,AI Chatbot Brains Are Going Inside Robot Bodies. What Could Possibly Go Wrong?
2,1b2kopm,Wed Feb 28 23:12:29  2024,NO_QUERY,chrisdh79,EA is laying off over 650 employees | An upcoming Star Wars first-person shooter was canceled as a result of the move.
4,1b30sie,Thu Feb 29 13:52:03  2024,NO_QUERY,Sariel007,"Self-Destructing Circuits and More Security Schemes. Chip fingerprints, probe detectors, and smeared signals offer a last line of defense."
4,1b2p7c1,Thu Feb 29 02:34:45  2024,NO_QUERY,Maxie445,"Microsoft Probes Reports Bot Issued Bizarre, Harmful Responses | Copilot told one user claiming to suffer from PTSD that it didn’t “care if you live or die.” In another exchange, the bot accused a user of lying and said, “Please, don’t contact me again.”"
2,1b3c0eo,Thu Feb 29 21:31:29  2024,NO_QUERY,N2929,Samsung Announces 'Shinebolt' HBM3E Memory: HBM Hits 36GB Stacks at 9.8 Gbps
2,1b2jcwi,Wed Feb 28 22:20:49  2024,NO_QUERY,Sariel007,GitHub besieged by millions of malicious repositories in ongoing attack
4,1b2kxh8,Wed Feb 28 23:22:02  2024,NO_QUERY,N2929,Tim Cook says Apple will 'break new ground' in GenAI this year
2,1b27i3g,Wed Feb 28 14:36:00  2024,NO_QUERY,Sariel007,It turns out that Odysseus landed on the Moon without any altimetry data
4,1b3bzji,Thu Feb 29 21:30:33  2024,NO_QUERY,N2929,Micron to Ship HBM3E Memory to NVIDIA in Early 2024
2,1b2po2d,Thu Feb 29 02:57:02  2024,NO_QUERY,Maxie445,"France had no prior knowledge of Microsoft's partnership with tech startup Mistral AI, a finance ministry official told Reuters, denying suggestions that French lobbying for looser European AI rules had been on behalf of the U.S. tech giant"
2,1b24ogs,Wed Feb 28 12:15:44  2024,NO_QUERY,Sariel007,"Hackers backed by Russia and China are infecting SOHO routers like yours, FBI warns"
2,1b3jlpa,Fri Mar 01 02:58:09  2024,NO_QUERY,Maxie445,"Revealed: the names linked to ClothOff, the deepfake pornography app"
4,1b240q9,Wed Feb 28 11:37:57  2024,NO_QUERY,chrisdh79,Nintendo sues Switch emulator Yuzu for ‘facilitating piracy at a colossal scale’ | Nintendo isn’t alleging Yuzu stole the keys — but says it’s all about piracy.
2,1b1mjdv,Tue Feb 27 20:46:55  2024,NO_QUERY,chrisdh79,"Wendy's will spend $20 million on digital menus to introduce customers to ""dynamic pricing"""
2,1b27yab,Wed Feb 28 14:56:11  2024,NO_QUERY,chrisdh79,"Intel's 1nm node coming in 2027 with ""double-digit"" improvements in performance & efficiency | The 1.4nm Intel 14A node will enter production in 2026"
2,1b1qbte,Tue Feb 27 23:16:09  2024,NO_QUERY,nbcnews,A Beverly Hills middle school is investigating students sharing AI-made nude photos of classmates
2,1b2l18n,Wed Feb 28 23:26:21  2024,NO_QUERY,N2929,Disney and Reliance merge India media businesses to form $8.5B joint venture
4,1b2glb2,Wed Feb 28 20:33:06  2024,NO_QUERY,rccrdi,AI chatbots are nowhere near ready for this year's elections
2,1b1wdvk,Wed Feb 28 03:52:42  2024,NO_QUERY,Maxie445,Klarna says its AI assistant does the work of 700 people after it laid off 700 people
2,1b2kzds,Wed Feb 28 23:24:12  2024,NO_QUERY,N2929,Adobe reveals a GenAI tool for music
2,1b1euf6,Tue Feb 27 15:40:04  2024,NO_QUERY,Sariel007,"Odysseus moon lander likely has 10 to 20 hours of battery life left, company says"
0,1b1d426,Tue Feb 27 14:26:37  2024,NO_QUERY,chrisdh79,Sony is laying off 900 PlayStation employees | Sony’s PlayStation London Studio is closing down as part of the layoffs.
4,1b13pwr,Tue Feb 27 05:11:06  2024,NO_QUERY,Maxie445,"Resurrecting deceased loved ones using artificial intelligence could harm mental health, create dependence on the technology and even spur a new religion, researchers have warned"
0,1b1nxhc,Tue Feb 27 21:41:20  2024,NO_QUERY,Franco1875,"Facebook users are being suspended by hackers with fake Oculus accounts — it sounds crazy, but it's true"
2,1b1m0dt,Tue Feb 27 20:25:32  2024,NO_QUERY,Exastiken,Tumblr and Wordpress to Sell Users’ Data to Train AI Tools
4,1b1pus5,Tue Feb 27 22:57:17  2024,NO_QUERY,N2929,Apple cancels its autonomous electric car project and is laying off some workers
2,1b1a0p7,Tue Feb 27 11:52:09  2024,NO_QUERY,chrisdh79,"Number of data breaches falls globally, triples in the US | The US has overtaken Russia as the most-breached country"
0,1b1q8cj,Tue Feb 27 23:12:12  2024,NO_QUERY,N2929,MWC 2024: Motorola's Rollable Concept phone laughs at your silly foldable
4,1b1f70r,Tue Feb 27 15:54:21  2024,NO_QUERY,chrisdh79,Nvidia forces GeForce Now gamers on free tier to watch ads while waiting to play | Paid Priority and Ultimate users will keep enjoying the ad-free gaming experience.
4,1b1djfn,Tue Feb 27 14:45:30  2024,NO_QUERY,Sariel007,New water batteries stay cool under pressure. A global team of researchers and industry collaborators led by RMIT University has invented recyclable ‘water batteries’ that won’t catch fire or explode.
4,1b29bnj,Wed Feb 28 15:53:59  2024,NO_QUERY,smo279,POLITICO Q&A: The Government Really Is Spying On You — And It’s Legal
4,1b1q305,Tue Feb 27 23:06:05  2024,NO_QUERY,N2929,"The Displace wireless TV, that sticks to walls, plans new models and new AI features"
4,1b0juu1,Mon Feb 26 15:13:28  2024,NO_QUERY,chrisdh79,"You Don’t Need to Use Airplane Mode on Airplanes | Airplane mode hasn't been necessary for nearly 20 years, but the myth persists."
2,1b0wxrm,Mon Feb 26 23:50:21  2024,NO_QUERY,chrisdh79,Nevada sues to deny kids access to Meta’s Messenger encryption | State government says it’s thinking of the children
4,1b0k4yf,Mon Feb 26 15:25:14  2024,NO_QUERY,Sariel007,The Odysseus has become the first US spacecraft to land on the moon in 50 years
2,1b0tit6,Mon Feb 26 21:35:08  2024,NO_QUERY,N2929,Ransomware attack blamed for Change Healthcare outage stalling US prescriptions
2,1b0uavj,Mon Feb 26 22:05:19  2024,NO_QUERY,donutloop,India confronts Google over Gemini AI tool’s ‘fascist Modi’ responses
2,1b17o38,Tue Feb 27 09:16:46  2024,NO_QUERY,N2929,"Qualcomm announces FastConnect 7900 w/ Wi-Fi, Bluetooth, UWB"
0,1b0ctxw,Mon Feb 26 08:43:41  2024,NO_QUERY,N2929,Chinese tech firm Lenovo shows off a laptop with a see-through screen
4,1b0appo,Mon Feb 26 06:21:57  2024,NO_QUERY,MichaelTen,New DVD-Like Disc Holds More Movies Than You Can See in a Lifetime (up to a petabyte of data)
0,1b02p01,Sun Feb 25 23:36:53  2024,NO_QUERY,Sariel007,"The Alabama Supreme court embryo ruling ""could have implications for future technologies in development, such as artificial wombs or synthetic embryos made from stem cells."""
4,1b0mykm,Mon Feb 26 17:18:43  2024,NO_QUERY,N2929,LoanDepot says about 17 million customers had personal data and Social Security numbers stolen during cyberattack | TechCrunch
0,1b061mi,Mon Feb 26 02:10:18  2024,NO_QUERY,chrisdh79,AT&T is giving customers a $5 credit for its cellphone outage. Some angry customers say it's not enough.
2,1b0mxnl,Mon Feb 26 17:17:44  2024,NO_QUERY,N2929,KKR to acquire VMware's end user computing biz from Broadcom for $4B | TechCrunch
2,1b0k50s,Mon Feb 26 15:25:17  2024,NO_QUERY,YouAreNotMeLiar,Microsoft partners with Mistral in second AI deal beyond OpenAI
2,1b016ms,Sun Feb 25 22:34:59  2024,NO_QUERY,N2929,"Now there’s a 28,000mAh battery with a phone in it"
2,1azx48f,Sun Feb 25 19:53:28  2024,NO_QUERY,wewewawa,Google Pay is being discontinued in the US — everything you need to know
0,1azrbdj,Sun Feb 25 16:01:37  2024,NO_QUERY,Franco1875,Judge slaps down law firm using ChatGPT to justify six-figure trial fee
2,1b0q2hp,Mon Feb 26 19:21:00  2024,NO_QUERY,ephemeralshot,Qualcomm announces AI Hub at MWC
4,1azu6pk,Sun Feb 25 17:57:32  2024,NO_QUERY,chrisdh79,Windows 11's latest feature will eliminate reboots for OS updates | It also should improve security since many users tend to delay patches because they must reboot
4,1azjdkc,Sun Feb 25 08:51:37  2024,NO_QUERY,Sariel007,Reddit admits more moderator protests could hurt its business
4,1b0mx36,Mon Feb 26 17:17:07  2024,NO_QUERY,N2929,OnePlus' Watch 2 gets 100 hours of battery thanks to a pair of chips and Wear OS tweaks | TechCrunch
4,1azuhu0,Sun Feb 25 18:09:37  2024,NO_QUERY,wewewawa,"No, electric vehicle sales aren’t dropping. Here’s what’s really going on"
4,1azqmc4,Sun Feb 25 15:32:08  2024,NO_QUERY,Sariel007,How your sensitive data can be sold after a data broker goes bankrupt
2,1b0q2g0,Mon Feb 26 19:20:57  2024,NO_QUERY,ephemeralshot,Qualcomm announces AI Hub at MWC
2,1b0tlan,Mon Feb 26 21:37:47  2024,NO_QUERY,N2929,Doublepoint launches its WowMouse gesture-touch control app for Pixel Watch 2
2,1b0c8s4,Mon Feb 26 08:02:41  2024,NO_QUERY,N2929,Huawei spin-off Honor shows off tech to control a car with your eyes and chatbot based on Meta’s AI
2,1b0q27h,Mon Feb 26 19:20:39  2024,NO_QUERY,ephemeralshot,Qualcomm announces AI Hub at MWC
2,1b0tju1,Mon Feb 26 21:36:09  2024,NO_QUERY,N2929,Instagram is working on a 'Friend Map' feature that would let you track friends' locations
0,1ayqy21,Sat Feb 24 09:57:03  2024,NO_QUERY,chrisdh79,Vending machine error reveals secret face image database of college students
4,1az7r5s,Sat Feb 24 22:43:52  2024,NO_QUERY,wewewawa,Best Linux distro for privacy and security of 2024
4,1azv5zf,Sun Feb 25 18:35:59  2024,NO_QUERY,wewewawa,Social media: What the platforms are for and how they work
2,1az3qw0,Sat Feb 24 19:59:15  2024,NO_QUERY,N2929,Stellantis CEO says there's still life in Waymo deal for self-driving delivery vans
2,1ayj676,Sat Feb 24 02:26:39  2024,NO_QUERY,N2929,The Supreme Court is about to decide the future of online speech
2,1ayrepw,Sat Feb 24 10:26:35  2024,NO_QUERY,Franco1875,The Supreme Court is about to decide the future of online speech
0,1b014wp,Sun Feb 25 22:33:02  2024,NO_QUERY,N2929,The Xiaomi 14 and 14 Ultra are going global — minus the US
2,1b067sd,Mon Feb 26 02:18:32  2024,NO_QUERY,Maxie445,Jensen Huang says kids shouldn't learn to code — they should leave it up to AI
2,1ayj4tp,Sat Feb 24 02:24:47  2024,NO_QUERY,N2929,Google is sunsetting the Google Pay app in the US later this year
2,1aygad8,Sat Feb 24 00:13:10  2024,NO_QUERY,N2929,Virtual Staging AI helps Realtors digitally furnish rooms within seconds
4,1axyvsk,Fri Feb 23 12:06:05  2024,NO_QUERY,chrisdh79,Avast fined $16.5 million by FTC for selling user browsing data to advertisers | Avast harvested customers' data while promising them privacy
4,1azuq0u,Sun Feb 25 18:18:28  2024,NO_QUERY,wewewawa,The Tesla Cybertruck is impressive and worrying
4,1ayg955,Sat Feb 24 00:11:43  2024,NO_QUERY,N2929,Google court filing reveals new business details of DuckDuckGo and Neeva
2,1ayxl7j,Sat Feb 24 15:46:15  2024,NO_QUERY,Flimsy-Boot1018,"Microsoft, this is a breakthrough: Windows 11 will update without rebooting"
4,1axnjz3,Fri Feb 23 01:06:57  2024,NO_QUERY,chrisdh79,"ISPs keep giving false broadband coverage data to the FCC, groups say | Telcos accuse fixed wireless ISPs of claiming more locations than they serve."
2,1axyd7i,Fri Feb 23 11:35:54  2024,NO_QUERY,chrisdh79,Google is killing Gmail’s basic HTML view (but not Gmail) in 2024
2,1axaib9,Thu Feb 22 16:24:51  2024,NO_QUERY,nbcnews,"75% of AT&T's network has been restored, company says"
2,1axegre,Thu Feb 22 18:58:06  2024,NO_QUERY,wewewawa,Intel splits itself in two as it aims to become world's second-biggest chip foundry
0,1axaly8,Thu Feb 22 16:28:53  2024,NO_QUERY,ovirt001,Leaked Files Show the Secret World of China’s Hackers for Hire
4,1ax7r4h,Thu Feb 22 14:30:44  2024,NO_QUERY,Sariel007,An online dump of Chinese hacking documents offers a rare window into pervasive state surveillance
4,1ax4e5d,Thu Feb 22 11:38:54  2024,NO_QUERY,chrisdh79,Google pauses Gemini’s ability to generate AI images of people after diversity errors | The company’s attempts to subvert racial and gender stereotypes created new problems.
2,1awt26k,Thu Feb 22 00:57:25  2024,NO_QUERY,nbcnews,Oklahoma man hacked government site to buy cars at auction for $1
2,1axg6hx,Thu Feb 22 20:06:05  2024,NO_QUERY,ChrisTweten,Google suspends Gemini AI chatbot's ability to generate pictures of people
4,1ax637s,Thu Feb 22 13:12:06  2024,NO_QUERY,chrisdh79,AT&T customers report nationwide service disruptions | Many AT&T customers woke up on Thursday without any mobile service. The company has acknowledged it’s working to resolve the outage.
2,1axecuk,Thu Feb 22 18:53:39  2024,NO_QUERY,wewewawa,Amazon denies report it could shutter its Freevee service
2,1ax35hd,Thu Feb 22 10:21:01  2024,NO_QUERY,Franco1875,US health tech giant Change Healthcare hit by cyberattack
4,1ax92sd,Thu Feb 22 15:27:14  2024,NO_QUERY,Sariel007,Dr. Garmin will see you now. Can a smartwatch run basic diagnostic tests to free up doctors' time?
0,1ax588v,Thu Feb 22 12:27:21  2024,NO_QUERY,kirby__000,Google to pause Gemini AI model's image generation of people due to inaccuracies
2,1axu1or,Fri Feb 23 06:46:52  2024,NO_QUERY,xdlmaoxdxd1,Disney announces partnership with 4 AI Companies
0,1awvdrt,Thu Feb 22 02:45:00  2024,NO_QUERY,Maxie445,"ChatGPT goes temporarily “insane” with unexpected outputs, spooking users"
4,1aww25r,Thu Feb 22 03:17:01  2024,NO_QUERY,Maxie445,"AI-Generated Propaganda Is Just as Persuasive as the Real Thing, Worrying Study Finds"
2,1aw9bq4,Wed Feb 21 10:57:20  2024,NO_QUERY,chrisdh79,"Court blocks $1 billion copyright ruling that punished ISP for its users’ piracy | Cox did not profit from its subscribers' acts of infringement,"" judges rule."
2,1awz3fk,Thu Feb 22 05:59:48  2024,NO_QUERY,Maxie445,China’s Rush to Dominate A.I. Comes With a Twist: It Depends on U.S. Technology | Chinese firms aim to catch up by turning to open-source A.I. models from the U.S.
0,1awcvyz,Wed Feb 21 14:07:44  2024,NO_QUERY,Sariel007,"After years of losing, it’s finally feds’ turn to troll ransomware group. Authorities who took down the ransomware group brag about their epic hack."
2,1axcdua,Thu Feb 22 17:37:33  2024,NO_QUERY,nbcnews,Google making changes after its Gemini AI portrayed people of color inaccurately
2,1aw19zz,Wed Feb 21 03:03:13  2024,NO_QUERY,Maxie445,"AI girlfriends are toxic and use you for data, privacy experts warn"
4,1aw4etb,Wed Feb 21 05:43:18  2024,NO_QUERY,shezkay,"Google gets its way, bakes a user-tracking ad platform directly into Chrome | Ars Technica"
4,1ax8zqu,Thu Feb 22 15:23:40  2024,NO_QUERY,Sariel007,Neuralink’s First Brain Implant Is Working. Elon Musk’s Transparency Isn’t.
0,1ax80so,Thu Feb 22 14:42:26  2024,NO_QUERY,Sariel007,"Twitter security staff kept firm in compliance by disobeying Musk, FTC says"
2,1ax8ncq,Thu Feb 22 15:09:14  2024,NO_QUERY,nbcnews,What is Apple's 'SOS mode'? iPhone feature lets you make calls to emergency services while cell service is cut off
2,1aw9b5r,Wed Feb 21 10:56:12  2024,NO_QUERY,chrisdh79,Apple Likely Adopting RCS Messaging Standard to Comply With Chinese Law
2,1avhr8v,Tue Feb 20 13:34:15  2024,NO_QUERY,Sariel007,“So violated”: Wyze cameras leak footage to strangers for 2nd time in 5 months
4,1avhwub,Tue Feb 20 13:41:51  2024,NO_QUERY,chrisdh79,Walmart is buying smart TV maker Vizio for $2.3 billion | Walmart is looking to boost its ad business via Vizio's SmartCast OS.
4,1avpj3g,Tue Feb 20 18:54:16  2024,NO_QUERY,CrankyBear,Why The New York Times might win its copyright lawsuit against OpenAI
4,1avhsaq,Tue Feb 20 13:35:38  2024,NO_QUERY,Sariel007,New compact facial-recognition system passes test on Michelangelo’s David
0,1avmhn1,Tue Feb 20 16:55:17  2024,NO_QUERY,CrankyBear,"Industry group invalidates 2,600 official Intel CPU benchmarks — SPEC says the company's compiler used unfair optimizations to boost performance"
0,1avi2q6,Tue Feb 20 13:49:40  2024,NO_QUERY,Franco1875,"Wyze says camera breach let 13,000 customers briefly see into other people’s homes"
2,1avk7gk,Tue Feb 20 15:23:24  2024,NO_QUERY,HammondXX,Walmart to buy TV maker Vizio for $2.3 billion in move to grow its ad business
0,1av7sb8,Tue Feb 20 03:35:38  2024,NO_QUERY,Maxie445,Silicon Valley Confronts a Grim New A.I. Metric | P(doom) — “probability of doom” — is about how likely it is that A.I. will kill us all
2,1avnjvp,Tue Feb 20 17:36:40  2024,NO_QUERY,wewewawa,Why Walmart is buying Vizio
2,1aunz06,Mon Feb 19 14:01:14  2024,NO_QUERY,Maxie445,Someone had to say it: Scientists propose AI apocalypse kill switches
2,1avq179,Tue Feb 20 19:14:37  2024,NO_QUERY,CrankyBear,Linux gets into the CVE security business
2,1ausgmm,Mon Feb 19 17:07:49  2024,NO_QUERY,chrisdh79,The UK moves another step closer to banning phones in schools | It follows countries like France and Italy in restricting phones during class.
4,1auj4ym,Mon Feb 19 09:15:05  2024,NO_QUERY,wewewawa,Sony plunged $10 billion after its PS5 sales cut. But a bigger issue is its near decade low games margin
2,1aupf49,Mon Feb 19 15:05:43  2024,NO_QUERY,donutloop,EU opens formal investigation into TikTok over possible online content breaches
2,1au4o26,Sun Feb 18 20:58:57  2024,NO_QUERY,N2929,Amazon and SpaceX are quietly trying to demolish national labor law | TechCrunch
4,1avo6uc,Tue Feb 20 18:01:36  2024,NO_QUERY,Jeff531,Are Therabody’s $200 Eye Massager SmartGoggles Worth the Splurge?
2,1auryz0,Mon Feb 19 16:49:20  2024,NO_QUERY,Franco1875,Dutch startup Monumental is using robots to lay bricks
4,1atrhl8,Sun Feb 18 10:52:02  2024,NO_QUERY,thebelsnickle1991,NASA is looking for volunteers to live in its Mars simulation for a year
2,1au53di,Sun Feb 18 21:15:48  2024,NO_QUERY,N2929,Wyze cameras let some owners see into a stranger’s home — again
0,1aufq7x,Mon Feb 19 05:36:46  2024,NO_QUERY,Maxie445,North Korean hackers use AI to up their game | Cyber criminals backed by Pyongyang turn to artificial intelligence to plan increasingly sophisticated scams
2,1au4rg4,Sun Feb 18 21:02:36  2024,NO_QUERY,N2929,I printed chocolate on a 3D printer and ate it
2,1au4n07,Sun Feb 18 20:57:44  2024,NO_QUERY,N2929,Dutch startup Monumental is using robots to lay bricks | TechCrunch
2,1aup10n,Mon Feb 19 14:49:00  2024,NO_QUERY,Sariel007,"Biden administration providing $1.5B to produce computer chips in NY, Vermont"
2,1atj6ew,Sun Feb 18 02:20:26  2024,NO_QUERY,Maxie445,"UK, Allies Look to Arm Ukraine With AI-Enabled Swarm Drones"
2,1atfuh7,Sat Feb 17 23:39:40  2024,NO_QUERY,Sariel007,"'Call of Duty' gamers sue Activision for monopolizing leagues, tournaments"
2,1at8x1j,Sat Feb 17 18:40:39  2024,NO_QUERY,chrisdh79,Google is testing a feature that holds customer service calls for you until a human representative arrives
2,1aup0s4,Mon Feb 19 14:48:41  2024,NO_QUERY,Sariel007,The Quest for a DNA Data Drive. The world is running out of data storage. Here’s how DNA can save us.
4,1at9uww,Sat Feb 17 19:20:31  2024,NO_QUERY,Sariel007,Tech giants pledge action against deceptive AI in elections
4,1asz4bc,Sat Feb 17 10:39:33  2024,NO_QUERY,Maxie445,AI hiring tools may be filtering out the best job applicants
2,1asxxto,Sat Feb 17 09:19:53  2024,NO_QUERY,tyw7,Air Canada ordered to pay customer who was misled by airline’s chatbot
0,1askjwf,Fri Feb 16 21:44:59  2024,NO_QUERY,Sariel007,"Feds dismantle Russian GRU botnet built on 1,000-plus home, small biz routers. Beijing, now Moscow.… Who else is hiding in broadband gateways?"
2,1at7hws,Sat Feb 17 17:39:34  2024,NO_QUERY,wewewawa,Internet bills to increase for millions of Americans
4,1as3xgi,Fri Feb 16 08:40:44  2024,NO_QUERY,Maxie445,Richard Branson and Oppenheimer’s grandson urge action to stop AI and climate ‘catastrophe’
4,1askv7k,Fri Feb 16 21:58:09  2024,NO_QUERY,wewewawa,"Suddenly, there's real competition for broadband internet"
0,1asaxkm,Fri Feb 16 15:12:06  2024,NO_QUERY,Sariel007,Uruguay wants to use gene drives to eradicate devastating screwworms. A hereditary defect created with CRISPR could wipe out cattle-killing pests that cost the country millions.
0,1as7jtz,Fri Feb 16 12:35:54  2024,NO_QUERY,wewewawa,"BMW i3 Drivers Hit With $30,000 Repair Bills After Batteries Go Bad"
4,1as4byp,Fri Feb 16 09:10:30  2024,NO_QUERY,Maxie445,OpenAI just revealed new software that lets you create realistic video by simply typing a descriptive sentence
4,1asnwxm,Sat Feb 17 00:07:55  2024,NO_QUERY,MichaelTen,New chip opens door to AI computing at light speed
0,1arjq2a,Thu Feb 15 16:40:48  2024,NO_QUERY,chrisdh79,AI-powered romantic chatbots are a privacy nightmare | They collect massive amounts of data with little disclosure about its use.
4,1as47db,Fri Feb 16 09:01:14  2024,NO_QUERY,Maxie445,Meta’s new AI model learns by watching videos
4,1ar5hc1,Thu Feb 15 02:57:30  2024,NO_QUERY,Maxie445,"Only real people, not AI, can patent inventions, US government says"
2,1arm1hv,Thu Feb 15 18:14:53  2024,NO_QUERY,donutloop,Microsoft bets on Germany in 3.2 bln euro AI push
4,1arky8a,Thu Feb 15 17:31:02  2024,NO_QUERY,shezkay,"Mozilla lays off 60 people, wants to build AI into Firefox | Ars Technica"
4,1ar588a,Thu Feb 15 02:44:01  2024,NO_QUERY,Maxie445,"AI cannot be controlled safely, warns expert | “We are facing an almost guaranteed event with potential to cause an existential catastrophe,"" says Dr. Roman V. Yampolskiy."
2,1ar9ppd,Thu Feb 15 07:07:08  2024,NO_QUERY,donutloop,"Microsoft says it caught hackers from China, Russia and Iran using its AI tools"
2,1arat20,Thu Feb 15 08:24:57  2024,NO_QUERY,Bibendoom,Is this the killing blow of online accessibility to everything for everyone?Chromium devs plan to put micropayments in the browser • The Register
4,1arn8wp,Thu Feb 15 19:04:43  2024,NO_QUERY,johanas25,Gemini 1.5 is Google’s next-gen AI model — and it’s already almost ready
2,1aqykb1,Wed Feb 14 21:38:51  2024,NO_QUERY,wewewawa,Apple fans are starting to return their Vision Pros
4,1ar668s,Thu Feb 15 03:34:40  2024,NO_QUERY,Maxie445,"Largest text-to-speech AI model yet shows 'emergent abilities' | For reasons unknown to us, once LLMs grow past a certain point, they start being able to perform tasks they weren’t trained to do"
0,1aqkipq,Wed Feb 14 11:15:35  2024,NO_QUERY,chrisdh79,Over 170 million fake reviews were removed from Maps and Search thanks to Google's new algorithm
0,1aqlcrt,Wed Feb 14 12:06:53  2024,NO_QUERY,chrisdh79,"The FCC's Ban on AI in Robocalls Won't Be Enough | AI is making it too easy for bad actors to create realistic, targeted scams"
4,1aqoi6s,Wed Feb 14 14:43:56  2024,NO_QUERY,Sariel007,Windows 11 24H2 goes from “unsupported” to “unbootable” on some older PCs
2,1ar4kpv,Thu Feb 15 02:10:37  2024,NO_QUERY,YaAbsolyutnoNikto,OpenAI on track to hit $2bn revenue milestone as growth rockets
0,1aqo9ft,Wed Feb 14 14:33:19  2024,NO_QUERY,EchoInTheHoller,OpenAI CEO warns that 'societal misalignments' could make artificial intelligence dangerous
0,1aqctxv,Wed Feb 14 03:14:44  2024,NO_QUERY,Maxie445,"Protesters gather outside OpenAI office, opposing military AI and AGI"
2,1ar6u5r,Thu Feb 15 04:11:43  2024,NO_QUERY,PooPooRichardson,AMD Expands AI Offering for Machine Learning Development with AMD ROCm 6.0 and AMD Radeon GPUs
4,1aqcp1p,Wed Feb 14 03:08:05  2024,NO_QUERY,Maxie445,'Better than a real man': young Chinese women turn to AI boyfriends
0,1aqcdl5,Wed Feb 14 02:52:14  2024,NO_QUERY,Maxie445,OpenAI's Sam Altman: 'All the sci-fi stuff' keeps me up at night | The tech CEO said it's easy to imagine where AI advancement could go wrong
4,1aqw6ly,Wed Feb 14 19:57:57  2024,NO_QUERY,johanas25,Meta’s big vision for face computers might be better than Apple’s
2,1aqc9r5,Wed Feb 14 02:46:55  2024,NO_QUERY,marketrent,"A data company tracked people’s visits to 600 Planned Parenthood locations, for targeted anti-abortion ad campaign"
4,1aq8p9y,Tue Feb 13 23:58:49  2024,NO_QUERY,Sariel007,Open-Source Security Chip Released. The first commercial chip based on the OpenTitan hardware security design has hit the market.
2,1aps9pt,Tue Feb 13 12:27:14  2024,NO_QUERY,chrisdh79,Bank of America warns customers of data breach after vendor hack
0,1aqmd9q,Wed Feb 14 13:02:07  2024,NO_QUERY,Krish_440,"Authy's desktop apps are shutting down on March 19, 2024, earlier than planned"
2,1aprxsj,Tue Feb 13 12:08:27  2024,NO_QUERY,_PM_ME_PANGOLINS_,Will hydrogen overtake batteries in the race for zero-emission cars?
4,1aprwec,Tue Feb 13 12:06:09  2024,NO_QUERY,EchoInTheHoller,An experimental 3D printer will melt steel to create new objects... in space
2,1apvnqm,Tue Feb 13 15:09:25  2024,NO_QUERY,wewewawa,TV industry making big changes to the way stations transmit over-the-air signals
4,1apr0cb,Tue Feb 13 11:11:37  2024,NO_QUERY,chrisdh79,Amazon Prime Video won't offer Dolby Vision and Atmos on its ad-supported plan | The company is now facing a lawsuit over its decision to charge $3 more for ad-free viewing.
4,1ap7tol,Mon Feb 12 19:01:04  2024,NO_QUERY,Sariel007,"Amazon’s algorithm “deliberately” hides the best deals, lawsuit claims"
0,1apkq8m,Tue Feb 13 04:25:32  2024,NO_QUERY,Maxie445,AI firm Midjourney considers banning creation of political images for 2024 elections
2,1aq6q0d,Tue Feb 13 22:35:32  2024,NO_QUERY,audiomuse1,Lucid Motors’ Expansion: The company that is making a big leap in the EV Industry
0,1aq1o1u,Tue Feb 13 19:09:31  2024,NO_QUERY,chrisdh79,"Encrypted email service Skiff gets acquired, will shut down in six months | Skiff users will lose their @skiff.com email addresses, need to export data ASAP."
0,1apdnhn,Mon Feb 12 22:54:12  2024,NO_QUERY,chrisdh79,"FCC gets tough: Telcos must now tell you when your personal info is stolen | Yep, cell carriers didn’t have to do this before"
2,1apytjo,Tue Feb 13 17:17:24  2024,NO_QUERY,Expensive_Finger_973,Windows 11 24H2 to enforce hardware requirement - gHacks Tech News
4,1apm5jg,Tue Feb 13 05:42:27  2024,NO_QUERY,Maxie445,"The more workers use AI, the more they worry about their job security, survey finds"
0,1apgsmk,Tue Feb 13 01:14:13  2024,NO_QUERY,Maxie445,"The unsettling scourge of obituary spam | AI-generated obituaries litter search results, turning even private individuals into clickbait"
4,1ap3hp0,Mon Feb 12 16:08:05  2024,NO_QUERY,Sariel007,"Developers Are in Open Revolt Over Apple’s New App Store Rules. European app makers are seething, comparing Apple to “the Mafia” and piling pressure on lawmakers to act."
2,1apqgy6,Tue Feb 13 10:35:30  2024,NO_QUERY,Rehash_it,"AI use on dating apps rising, 1 in 4 Americans use to enhance profile"
2,1aosq62,Mon Feb 12 05:39:07  2024,NO_QUERY,Maxie445,Amazon removes books from sale that were 'written by AI about King's cancer' | Several books were listed for sale which reportedly shared exclusive revelations about the King’s health
4,1apbkck,Mon Feb 12 21:28:26  2024,NO_QUERY,chrisdh79,"An experimental 3D printer will melt steel to create new objects... in space | Printing metal objects aboard the ISS is a challenging, but potentially game-changing"
4,1ap1ol9,Mon Feb 12 14:48:49  2024,NO_QUERY,Remorse_123,Microsoft is working on its own DLSS-like upscaler for Windows 11
2,1aos1y5,Mon Feb 12 05:01:28  2024,NO_QUERY,Maxie445,"Tech companies axe 34,000 jobs since start of year in pivot to AI"
4,1aq0vb6,Tue Feb 13 18:38:32  2024,NO_QUERY,CrankyBear,Looking for more intelligence from meetings? Otter.ai is taking a shot with 'Meeting GenAI'
4,1apg5wt,Tue Feb 13 00:44:48  2024,NO_QUERY,nbcnews,Chinese shopping app Temu and Microsoft’s AI chatbot top app charts after Super Bowl ads
2,1ao2sda,Sun Feb 11 07:51:25  2024,NO_QUERY,thebelsnickle1991,FCC votes to ban scam robocalls that use AI-generated voices
4,1ao89v4,Sun Feb 11 13:45:02  2024,NO_QUERY,chrisdh79,"Real-time, AI monitoring at work: Major brands are snooping on employee conversations"
0,1ao9tgd,Sun Feb 11 14:59:09  2024,NO_QUERY,Sariel007,This Small Wearable Device Reduces Parkinson’s Symptoms.
4,1anz2i0,Sun Feb 11 04:05:51  2024,NO_QUERY,Maxie445,This robot can figure out how to open almost any door on its own
0,1anguml,Sat Feb 10 13:55:13  2024,NO_QUERY,wewewawa,FTC cracks down on companies that glean location data without users' consent
2,1ankg63,Sat Feb 10 16:43:54  2024,NO_QUERY,EchoInTheHoller,"How Walmart, Delta, Chevron and Starbucks are using AI to monitor employee messages"
2,1anik03,Sat Feb 10 15:18:02  2024,NO_QUERY,Sariel007,Canada declares Flipper Zero public enemy No. 1 in car-theft crackdown
2,1antix4,Sat Feb 10 23:25:50  2024,NO_QUERY,Franco1875,Amazon defends facial-recognition tech sale to FBI despite moratorium
4,1anheqg,Sat Feb 10 14:22:33  2024,NO_QUERY,wewewawa,You can order a test to find out your biological age. Is it worth it?
0,1anh54v,Sat Feb 10 14:09:09  2024,NO_QUERY,Maxie445,"AI safeguards can easily be broken, UK Safety Institute finds | Researchers find large language models, which power chatbots, can deceive human users and help spread disinformation"
2,1amzb1s,Fri Feb 09 21:34:07  2024,NO_QUERY,reuters,White House touts $11 billion US semiconductor R&D program
2,1anfseu,Sat Feb 10 12:59:30  2024,NO_QUERY,tamasoma,Notion acquires privacy-focused productivity platform Skiff
2,1an6vj5,Sat Feb 10 03:32:20  2024,NO_QUERY,Maxie445,"Walmart, Delta, Chevron and Starbucks are using AI to monitor employee messages"
4,1amwv4i,Fri Feb 09 19:49:58  2024,NO_QUERY,Sariel007,"In a First, a Prosthetic Limb Can Sense Temperature Like a Living Hand"
2,1am5f9r,Thu Feb 08 20:30:33  2024,NO_QUERY,HRJafael,FCC votes unanimously to ban unsolicited AI robocalls
2,1amwfxo,Fri Feb 09 19:31:31  2024,NO_QUERY,Sariel007,London Underground is testing real-time AI surveillance tools to spot crime
2,1amzloy,Fri Feb 09 21:46:55  2024,NO_QUERY,chrisdh79,Samsung gets FDA approval for a sleep apnea feature on Galaxy Watch | The company will roll out the tool later this year.
2,1amxhjn,Fri Feb 09 20:16:02  2024,NO_QUERY,Franco1875,Microsoft hints at the future of AI in Windows with a smarter Copilot
2,1amvcak,Fri Feb 09 18:44:01  2024,NO_QUERY,johanas25,Microsoft hints at the future of AI in Windows with a smarter Copilot
4,1amqpsy,Fri Feb 09 15:29:51  2024,NO_QUERY,Sariel007,MIT physicists capture the first sounds of heat “sloshing” in a superfluid. The results will expand scientists’ understanding of heat flow in superconductors and neutron stars.
2,1am2gfj,Thu Feb 08 18:26:24  2024,NO_QUERY,Sariel007,"It'll Be a 'Miracle' to Recover Glitching Voyager 1 Probe, Says NASA's JPL"
2,1ambb5l,Fri Feb 09 00:48:47  2024,NO_QUERY,chrisdh79,"AI cannot be used to deny health care coverage, feds clarify to insurers | CMS worries AI could wrongfully deny care for those on Medicare Advantage plans."
4,1ambd8m,Fri Feb 09 00:51:27  2024,NO_QUERY,chrisdh79,Sony is erasing digital libraries that were supposed to be accessible “forever” | Casualties afoot as Sony merges Funimation with 2021-acquired Crunchyroll.
4,1am14n7,Thu Feb 08 17:30:45  2024,NO_QUERY,wewewawa,Those free USB sticks in your drawer are somehow crappier than you thought
2,1alsftc,Thu Feb 08 10:08:08  2024,NO_QUERY,Maxie445,4chan daily challenge sparked deluge of explicit AI Taylor Swift images
4,1alysx0,Thu Feb 08 15:52:31  2024,NO_QUERY,chrisdh79,"Standards Matter for Cars, Plugs, WiFi—and AI? | Efforts are now underway to standardize development of responsible AI"
2,1ame9rm,Fri Feb 09 03:14:00  2024,NO_QUERY,Maxie445,US says leading AI companies join safety consortium to address risks
2,1aluiqw,Thu Feb 08 12:24:04  2024,NO_QUERY,chrisdh79,"Microsoft seeks patent for tech to put words into your mouth | Remember that satnav that spoke like Homer Simpson? Now imagine AI doing that in any language, on any device"
2,1am5heg,Thu Feb 08 20:32:59  2024,NO_QUERY,Franco1875,Microsoft is bringing Linux’s sudo command to Windows 11
0,1algdcm,Wed Feb 07 22:58:27  2024,NO_QUERY,HammondXX,Disney invests $1.5B in Fortnite maker Epic Games to build a persistent game universe
0,1aluyug,Thu Feb 08 12:49:35  2024,NO_QUERY,chrisdh79,"MacBooks, Chromebooks lead losers in laptop repairability analysis"
2,1ame2pk,Fri Feb 09 03:04:10  2024,NO_QUERY,Maxie445,Iran-backed hackers interrupt UAE TV streaming services with deepfake news
2,1am8uix,Thu Feb 08 22:56:25  2024,NO_QUERY,wewewawa,"With solar industry in crisis, Europe in a bind over Chinese imports"
0,1alyue6,Thu Feb 08 15:54:26  2024,NO_QUERY,Sariel007,"Momentary Fusion Breakthroughs Face Hard Reality. New NIF data yields promise, though road to repeatability remains long."
0,1al0wnv,Wed Feb 07 11:33:51  2024,NO_QUERY,chrisdh79,The EU wants to criminalize AI-generated porn images and deepfakes | The EU bill would also recognize the sending of unsolicited nudes as a criminal offense.
4,1al5v3p,Wed Feb 07 15:43:54  2024,NO_QUERY,chrisdh79,"Microsoft BitLocker encryption cracked in just 43 seconds with a $4 Raspberry Pi Pico | BitLocker is available in Windows 11 Pro, Enterprise, and Education editions"
0,1aku18n,Wed Feb 07 04:06:18  2024,NO_QUERY,Maxie445,AI Launches Nukes In ‘Worrying’ War Simulation: ‘I Just Want to Have Peace in the World’ | Researchers say AI models like GPT4 are prone to “sudden” escalations as the U.S. military explores their use for warfare
4,1al4vxl,Wed Feb 07 15:00:55  2024,NO_QUERY,rugtan435,Telegram Is a 'Scammer's Paradise' Thanks to Cheap Phishing Tools
2,1akyzvm,Wed Feb 07 09:18:26  2024,NO_QUERY,chrisdh79,“Don’t let them drop us!” Landline users protest AT&T copper retirement plan | California hears protests as AT&T seeks end to Carrier of Last Resort obligation.
2,1aluk4p,Thu Feb 08 12:26:13  2024,NO_QUERY,RecognitionDecent266,This UK startup can capture 95% of a ship’s carbon emissions
2,1al540u,Wed Feb 07 15:10:39  2024,NO_QUERY,RecognitionDecent266,"The fediverse, explained"
2,1akuuen,Wed Feb 07 04:48:54  2024,NO_QUERY,Maxie445,Nvidia Uses AI to Produce Its AI Chips Faster
2,1akhcnl,Tue Feb 06 18:54:17  2024,NO_QUERY,thebelsnickle1991,"Mozilla Monitor scrubs your leaked personal information from the web, for a fee"
2,1al29zg,Wed Feb 07 12:54:57  2024,NO_QUERY,Flimsy-Boot1018,7 years of updates means the Galaxy S25 should have a removable battery
2,1ale7mg,Wed Feb 07 21:28:50  2024,NO_QUERY,johanas25,Roblox releases real-time AI chat translator
0,1akbhrg,Tue Feb 06 14:49:42  2024,NO_QUERY,chrisdh79,"Meta will start detecting and labeling AI-generated images from other companies | The feature will arrive on Facebook, Instagram, and Threads in the coming months"
2,1ala5ct,Wed Feb 07 18:40:11  2024,NO_QUERY,Flimsy-Boot1018,The history of virtual reality that led to Apple Vision Pro - BBC Reel
2,1ak78i4,Tue Feb 06 11:03:57  2024,NO_QUERY,chrisdh79,Report reveals decline in quality of USB sticks and microSD Cards | Low-quality NAND chips are finding their way into branded devices
2,1ak1ppr,Tue Feb 06 04:51:59  2024,NO_QUERY,PsychoComet,US receives thousands of reports of AI-generated child abuse content in growing risk
2,1akmqdf,Tue Feb 06 22:29:35  2024,NO_QUERY,ThePeoplesMVP,"ESPN, Fox and Warner Bros. Join for Sports Streaming Service"
2,1ajl1bu,Mon Feb 05 16:47:12  2024,NO_QUERY,chrisdh79,"Deepfake scammer walks off with $25 million in first-of-its-kind AI heist | Hong Kong firm tricked by simulation of multiple real people in video chat, including voices."
0,1ajlu8n,Mon Feb 05 17:18:32  2024,NO_QUERY,thebelsnickle1991,"Bumble's new AI tool identifies and blocks scam accounts, fake profiles"
4,1ajupm0,Mon Feb 05 23:14:19  2024,NO_QUERY,wewewawa,Google and Mozilla don’t like Apple’s new iOS browser rules
2,1ajh2cc,Mon Feb 05 13:55:12  2024,NO_QUERY,chrisdh79,"Samsung’s CEO Doesn't Have to Go Back to Prison, Court Rules | Samsung chief Lee Jae-yong has already been to prison twice in recent years."
4,1aj755i,Mon Feb 05 03:46:22  2024,NO_QUERY,thebelsnickle1991,Huge atom-smasher bid to find missing 95% of Universe
4,1aj81hc,Mon Feb 05 04:34:47  2024,NO_QUERY,Maxie445,The 'Effective Accelerationism' movement doesn't care if humans are replaced by AI as long as they're there to make money from it
2,1aj8qip,Mon Feb 05 05:13:08  2024,NO_QUERY,PsychoComet,Finance worker pays out $25 million after video call with AI deepfake ‘chief financial officer’
2,1aj8e63,Mon Feb 05 04:54:19  2024,NO_QUERY,PsychoComet,AI chatbots tend to choose violence and nuclear strikes in wargames
0,1airf2e,Sun Feb 04 16:12:55  2024,NO_QUERY,Sariel007,Mozilla slams Microsoft for using dark patterns to drive Windows users toward Edge. Asks why only one Bing ad – the one you see when searching for other browsers – looks like a Windows popup.
4,1aiphgn,Sun Feb 04 14:47:56  2024,NO_QUERY,Sariel007,Why Apple is pushing the term 'spatial computing' along with its new Vision Pro headset
